Airport_Code,Capacity,Flight_Traffic,Runway_Utilization
AIR0,57,76,0.5692012845879966
AIR1,193,78,0.6314854312117263
AIR2,169,20,0.6391443026907436
AIR3,143,51,0.808574851890079
AIR4,116,18,0.6075067362235889
AIR5,195,24,0.846618147136547
AIR6,64,68,0.8408332398874458
AIR7,160,26,0.5175875864017315
AIR8,63,31,0.5668893578207697
AIR9,57,50,0.8602411007624243
